species,inat_taxon_id,matched_name,preferred_common_name,rank,ancestry,research_grade_photo_observations,status
Brasenia schreberi,75867,Brasenia schreberi,Watershield,species,48460/47126/211194/47125/47124/51120/71408/72020,11088,OK
Cabomba,72023,Cabomba,fanworts,genus,48460/47126/211194/47125/47124/51120/71408,1540,OK
Ceratophyllum demersum,60997,Ceratophyllum demersum,coontail,species,48460/47126/211194/47125/47124/153070/60998/60999,12104,OK
Elodea canadensis,76793,Elodea canadensis,Canadian Waterweed,species,48460/47126/211194/47125/47163/48073/50361/57624,6736,OK
Heteranthera dubia,77393,Heteranthera dubia,water star-grass,species,48460/47126/211194/47125/47163/49146/52601/71244/1688755,1802,OK
Hydrocharis morsus-ranae,81600,Hydrocharis morsus-ranae,European Frog-bit,species,48460/47126/211194/47125/47163/48073/50361/81601,11330,OK
Myriophyllum sibiricum,61034,Myriophyllum sibiricum,Siberian water-milfoil,species,48460/47126/211194/47125/47124/71289/60205/60207,1064,OK
Myriophyllum spicatum,78157,Myriophyllum spicatum,Eurasian water-milfoil,species,48460/47126/211194/47125/47124/71289/60205/60207,6237,OK
Najas flexilis,1646522,Najas flexilis,,complex,48460/47126/211194/47125/47163/48073/50361/72249,443,OK
Nitellopsis obtusa,361265,Nitellopsis obtusa,Starry Stonewort,species,48460/47126/311313/151788/152725/153166/447064,505,OK
Nuphar variegata,204164,Nuphar variegata,Variegated Yellow Pond-Lily,species,48460/47126/211194/47125/47124/51120/51121/57849,10207,OK
Nymphaea odorata,51119,Nymphaea odorata,American white waterlily,species,48460/47126/211194/47125/47124/51120/51121/51122/1693361/1693360,37282,OK
Potamogeton crispus,78707,Potamogeton crispus,Curly-leaf Pondweed,species,48460/47126/211194/47125/47163/48073/59109/59110,8112,OK
Potamogeton gramineus,78710,Potamogeton gramineus,grass-leaved pondweed,species,48460/47126/211194/47125/47163/48073/59109/59110,889,OK
Potamogeton illinoensis,78711,Potamogeton illinoensis,shining pondweed,species,48460/47126/211194/47125/47163/48073/59109/59110,441,OK
Potamogeton natans,78712,Potamogeton natans,floating-leaved pondweed,species,48460/47126/211194/47125/47163/48073/59109/59110,7385,OK
Potamogeton praelongus,78713,Potamogeton praelongus,white-stemmed pondweed,species,48460/47126/211194/47125/47163/48073/59109/59110,540,OK
Potamogeton richardsonii,78715,Potamogeton richardsonii,Richardson's pondweed,species,48460/47126/211194/47125/47163/48073/59109/59110,1500,OK
Potamogeton robbinsii,78716,Potamogeton robbinsii,robbins' pondweed,species,48460/47126/211194/47125/47163/48073/59109/59110,784,OK
Ranunculus aquatilis,78817,Ranunculus aquatilis,common water-crowfoot,species,48460/47126/211194/47125/47124/48232/48231/746709/746715/48230/1567658/957902,1139,OK
Vallisneria americana,123050,Vallisneria americana,American eelgrass,species,48460/47126/211194/47125/47163/48073/50361/123043,1927,OK
