species,found_exactly,status
Brasenia schreberi,,Download metadata with --plantnet-metadata
Cabomba,,Download metadata with --plantnet-metadata
Ceratophyllum demersum,,Download metadata with --plantnet-metadata
Elodea canadensis,,Download metadata with --plantnet-metadata
Heteranthera dubia,,Download metadata with --plantnet-metadata
Hydrocharis morsus-ranae,,Download metadata with --plantnet-metadata
Myriophyllum sibiricum,,Download metadata with --plantnet-metadata
Myriophyllum spicatum,,Download metadata with --plantnet-metadata
Najas flexilis,,Download metadata with --plantnet-metadata
Nitellopsis obtusa,,Download metadata with --plantnet-metadata
Nuphar variegata,,Download metadata with --plantnet-metadata
Nymphaea odorata,,Download metadata with --plantnet-metadata
Potamogeton crispus,,Download metadata with --plantnet-metadata
Potamogeton gramineus,,Download metadata with --plantnet-metadata
Potamogeton illinoensis,,Download metadata with --plantnet-metadata
Potamogeton natans,,Download metadata with --plantnet-metadata
Potamogeton praelongus,,Download metadata with --plantnet-metadata
Potamogeton richardsonii,,Download metadata with --plantnet-metadata
Potamogeton robbinsii,,Download metadata with --plantnet-metadata
Ranunculus aquatilis,,Download metadata with --plantnet-metadata
Vallisneria americana,,Download metadata with --plantnet-metadata
