source,species,downloaded_images
GBIF,Brasenia schreberi,60
GBIF,Cabomba,53
GBIF,Ceratophyllum demersum,52
GBIF,Elodea canadensis,39
GBIF,Heteranthera dubia,32
GBIF,Hydrocharis morsus-ranae,36
GBIF,Myriophyllum sibiricum,70
GBIF,Myriophyllum spicatum,48
GBIF,Najas flexilis,48
GBIF,Nitellopsis obtusa,54
GBIF,Nuphar variegata,34
GBIF,Nymphaea odorata,36
GBIF,Potamogeton crispus,67
GBIF,Potamogeton gramineus,106
GBIF,Potamogeton illinoensis,56
GBIF,Potamogeton natans,38
GBIF,Potamogeton praelongus,87
GBIF,Potamogeton richardsonii,63
GBIF,Potamogeton robbinsii,43
GBIF,Ranunculus aquatilis,66
GBIF,Vallisneria americana,52
iNaturalist,Brasenia schreberi,42
iNaturalist,Cabomba,62
iNaturalist,Ceratophyllum demersum,40
iNaturalist,Elodea canadensis,53
iNaturalist,Heteranthera dubia,41
iNaturalist,Hydrocharis morsus-ranae,52
iNaturalist,Myriophyllum sibiricum,18
iNaturalist,Myriophyllum spicatum,31
iNaturalist,Najas flexilis,42
iNaturalist,Nitellopsis obtusa,55
iNaturalist,Nuphar variegata,44
iNaturalist,Nymphaea odorata,44
iNaturalist,Potamogeton crispus,32
iNaturalist,Potamogeton gramineus,74
iNaturalist,Potamogeton illinoensis,34
iNaturalist,Potamogeton natans,47
iNaturalist,Potamogeton praelongus,71
iNaturalist,Potamogeton richardsonii,59
iNaturalist,Potamogeton robbinsii,49
iNaturalist,Ranunculus aquatilis,64
iNaturalist,Vallisneria americana,44
